title,snippet,url,published_date,section,subsection
Hillary Clinton Raised $37 Million in Last 3 Months,"Hillary Clinton’s presidential campaign raised $37 million in the three-month period that ended Dec. 31, bringing her total war chest for use in the Democratic presidential contest to more than $112 million.",https://www.nytimes.com/politics/first-draft/2016/01/01/hillary-clinton-raised-37-million-in-last-3-months/,2016-01-01T19:07:09+0000,U.S.,Politics
How Jeb Bush Hopes to Save His Candidacy,"Rival campaigns seem to be counting him out, but Mr. Bush’s allies have a long-shot plan they hope will win him the Republican nomination.",https://www.nytimes.com/2016/01/02/us/politics/jeb-bush-presidential-campaign.html,2016-01-01T16:35:09+0000,U.S.,Politics
Obama to Consider Executive Actions on Gun Violence,"President Obama will meet with Attorney General Loretta E. Lynch on Monday to discuss what he can do to curb gun violence, sidestepping an entrenched Congress.",https://www.nytimes.com/2016/01/02/us/politics/obama-to-consider-executive-actions-on-gun-violence.html,2016-01-01T16:08:54+0000,U.S.,Politics
U.S. Doesn’t Know How Many Foreign Visitors Overstay Visas,"After two decades of failed attempts to track such visitors, some officials call the visa program a critical national security weakness.",https://www.nytimes.com/2016/01/02/us/politics/us-doesnt-know-how-many-foreign-visitors-overstay-visas.html,2016-01-01T14:38:53+0000,U.S.,Politics
Bernie Sanders Took In $33 Million in Last Quarter,"Senator Bernie Sanders’s presidential campaign took in more than $33 million in the final three months of the 2015, as his wide base of small donors enabled him to raise just $4 million less than his rival Hillary Clinton in their fight for the De...",https://www.nytimes.com/politics/first-draft/2016/01/02/bernie-sanders-raises-33-million-in-last-3-months/,2016-01-02T17:22:13+0000,U.S.,Politics
"For Donald Trump, Lessons From a Brother’s Suffering","Mr. Trump, whose appeal is predicated on an aura of toughness and perpetual success, seldom speaks of his brother Freddy, who died as an alcoholic in 1981 at age 43.",https://www.nytimes.com/2016/01/03/us/politics/for-donald-trump-lessons-from-a-brothers-suffering.html,2016-01-02T16:29:40+0000,U.S.,Politics
"F.D.A. Regulator, Widowed by Cancer, Helps Speed Drug Approval","Dr. Richard Pazdur, the Food and Drug Administration’s oncology chief, says his wife’s ordeal was influential in a change that many had advocated but that critics say erodes safeguards.",https://www.nytimes.com/2016/01/03/us/politics/fda-regulator-widowed-by-cancer-helps-speed-drug-approval.html,2016-01-02T11:06:16+0000,U.S.,Politics
State Focus and Infusion of Funding Buoy Gun Control Advocates,"With tens of millions of dollars in contributions to spend, groups are looking to toughen state and local measures in ways that the Republican-led Congress has rejected on the federal level.",https://www.nytimes.com/2016/01/04/us/politics/state-focus-and-infusion-of-funding-buoy-gun-control-advocates.html,2016-01-03T21:31:13+0000,U.S.,Politics
‘Dark’ Funds May Bode Ill in 2016 Election,"Contributions to entities that are not required to disclose their donors topped more than $300 million in the 2012 presidential race, and some experts believe that the levels may be far higher this time.",https://www.nytimes.com/2016/01/04/us/politics/dark-funds-may-bode-ill-in-2016-election.html,2016-01-03T20:17:39+0000,U.S.,Politics
G.O.P. Candidates Warn of Obama’s Actions on Guns,The Republican presidential candidates hoping to succeed President Obama are accusing him of abusing power through executive orders on guns and promising to reverse such measures if elected.,https://www.nytimes.com/politics/first-draft/2016/01/03/christie-bush-trump-fiorina-warn-of-obamas-actions-on-guns/,2016-01-03T18:09:11+0000,U.S.,Politics
"Bernie Sanders, Needing Early Lift, Builds Iowa Ground Operation","His campaign has assembled an extensive effort for the crucial Feb. 1 caucuses, with 100 paid staff members and volunteer leaders.",https://www.nytimes.com/2016/01/04/us/politics/bernie-sanders-needing-early-lift-builds-iowa-ground-operation.html,2016-01-03T15:43:00+0000,U.S.,Politics
Donald Trump Shrugs Off Appearance in Terrorist Video,Donald J. Trump said there was little he could do about his appearance in a recruitment video that was posted by the terrorist group Shabab.,https://www.nytimes.com/politics/first-draft/2016/01/02/donald-trump-shrugs-off-appearance-in-terrorist-video/,2016-01-03T03:54:56+0000,U.S.,Politics
"Ted Cruz’s Iowa Bus Tour: A Daughter’s Tantrum, and a Lesson","Senator Ted Cruz recalled a tantrum from his then-three-year-old daughter Caroline, and used it as an allegory for America.",https://www.nytimes.com/politics/first-draft/2016/01/04/ted-cruzs-iowa-bus-tour-a-daughters-tantrum-and-a-lesson/,2016-01-04T23:56:32+0000,U.S.,Politics
Bipartisan Criminal Justice Overhaul Is Haunted by Willie Horton,The 1988 presidential campaign that saw the furlough of a Massachusetts inmate has helped stall legislation that has support from both parties.,https://www.nytimes.com/2016/01/05/us/politics/bipartisan-criminal-justice-overhaul-is-haunted-by-willie-horton.html,2016-01-04T23:55:53+0000,U.S.,Politics
"Donald Trump Finally Buys TV Ads, and Lots of Them","Donald J. Trump had promised to spend at least $2 million a week on advertising, and he has already reserved nearly that much through Jan. 12.",https://www.nytimes.com/politics/first-draft/2016/01/04/donald-trump-finally-takes-out-his-checkbook-for-tv-ad-buys/,2016-01-04T23:38:54+0000,U.S.,Politics
"Jim McDermott, Democrat of Washington, Won’t Seek Re-election to the House","Mr. McDermott, one of the most liberal members of the House and a senior member of the Ways and Means Committee, announced he would retire at the end of his 14th term this year.",https://www.nytimes.com/politics/first-draft/2016/01/04/jim-mcdermott-democrat-of-washington-wont-seek-re-election-to-the-house/,2016-01-04T22:47:27+0000,U.S.,Politics
Verbatim: Hillary Clinton Won’t Respond to Donald Trump’s ‘Alternate Reality’,Hillary Clinton says she won’t respond to Donald J. Trump’s “alternate reality.”,https://www.nytimes.com/politics/first-draft/2016/01/04/verbatim-hillary-clinton-wont-respond-to-donald-trumps-alternate-reality/,2016-01-04T22:21:59+0000,U.S.,Politics
Ted Cruz’s Iowa Bus Tour: Billybob’s Beef Brisket and the N.S.A.,"Ted Cruz’s microphone went out during his second stop on his Iowa bus tour, and President Obama and the National Security Agency took the blame.",https://www.nytimes.com/politics/first-draft/2016/01/04/ted-cruzs-iowa-bus-tour-billybobs-beef-brisket-and-the-n-s-a/,2016-01-04T21:53:28+0000,U.S.,Politics
Hillary Clinton Tells Democrats in Iowa: ‘I Need You’,"At the start of a two-day tour of the state, Hillary Clinton said she would seek to improve the Affordable Care Act and backed the president’s proposed executive action on gun control.",https://www.nytimes.com/politics/first-draft/2016/01/04/hillary-clinton-tells-democrats-in-iowa-i-need-you/,2016-01-04T21:38:24+0000,U.S.,Politics
Obama to Expand Gun Background Checks and Tighten Enforcement,President Obama’s executive actions on guns will stop short of the kind of large-scale changes that he unsuccessfully sought from Congress three years ago.,https://www.nytimes.com/2016/01/05/us/politics/obama-says-he-will-act-on-gun-control-in-coming-days.html,2016-01-04T21:28:28+0000,U.S.,Politics
Ted Cruz’s Iowa Bus Tour: Making a Favorite Joke in Boone,Stop No.1 on Ted Cruz’s 28-town swing of Iowa features a favorite joke.,https://www.nytimes.com/politics/first-draft/2016/01/04/ted-cruzs-iowa-bus-tour-a-favorite-joke-in-boone/,2016-01-04T20:01:21+0000,U.S.,Politics
"Donald Trump, in First Ad, Plays to Fears on Immigration and ISIS","Shrouded in darkness, the ad trumpets Mr. Trump’s call to bar Muslims from entering the United States and promises a wall on the Mexican border.",https://www.nytimes.com/2016/01/05/us/politics/in-first-ad-donald-trump-plays-to-fears-on-immigration-and-isis.html,2016-01-04T19:39:15+0000,U.S.,Politics
First Draft Focus: In the Swing of Things,"Hillary Clinton held a town-hall-style meeting in Sioux City, Iowa, on Tuesday, the second day of a two-day swing through the state before the Iowa caucuses on Feb. 1.",https://www.nytimes.com/politics/first-draft/2016/01/05/first-draft-focus-in-the-swing-of-things/,2016-01-05T23:20:16+0000,U.S.,Politics
Bernie Sanders Attacks Hillary Clinton Over Regulating Wall Street,The senator said that his rival was too cozy with the financial industry and that his regulatory proposals were bigger and bolder.,https://www.nytimes.com/2016/01/06/us/politics/bernie-sanders-attacks-hillary-clinton-over-regulating-wall-street.html,2016-01-05T23:01:30+0000,U.S.,Politics
Ted Cruz’s Iowa Bus Tour: A Fawning Joke for a Key Supporter,"Ted Cruz indirectly links one of his most prominent supporters to Superman, through pajamas.",https://www.nytimes.com/politics/first-draft/2016/01/05/ted-cruzs-iowa-bus-tour-a-fawning-joke-for-a-key-supporter/,2016-01-05T22:47:55+0000,U.S.,Politics
"Steve Israel of New York, a Top House Democrat, Won’t Seek Re-election","Representative Israel, an eight-term member, has been a close adviser to Nancy Pelosi and led the party’s campaign efforts in 2012 and 2014.",https://www.nytimes.com/2016/01/06/us/politics/steve-israel-house-democrat-new-york.html,2016-01-05T21:50:30+0000,U.S.,Politics
Group Backing Marco Rubio Unleashes Ads Attacking Chris Christie,"In one ad, the political action committee accuses Mr. Christie, his emerging rival, for being a liberal who is too friendly with President Obama.",https://www.nytimes.com/2016/01/06/us/politics/group-backing-marco-rubio-unleashes-ads-attacking-chris-christie.html,2016-01-05T20:29:44+0000,U.S.,Politics
Ted Cruz’s Iowa Bus Tour: A Blind Man Walks Into a Library …,"Ted Cruz finds a supporter with a sense of history, and humor.",https://www.nytimes.com/politics/first-draft/2016/01/05/ted-cruzs-iowa-bus-tour-a-blind-man-walks-into-a-library/,2016-01-05T19:29:21+0000,U.S.,Politics
Obama on Newtown and Gun Control,"Shedding tears over the 2012 deaths of children in a Newtown, Conn., elementary school, the president announced executive actions he will take on gun laws.",https://www.nytimes.com/video/us/politics/100000004126096/president-obama-speaks-on-gun-control.html,2016-01-05T18:56:56+0000,U.S.,Politics
Chris Christie Differentiates Black Lives Matter From 1960s Unrest,"Gov. Chris Christie, who typically trumpets his law-and-order credentials as a former federal prosecutor to prove his toughness to voters, used unusually soft language and conveyed empathy as he dealt with a question about the Black Lives Matter m...",https://www.nytimes.com/politics/first-draft/2016/01/05/chris-christie-differentiates-black-lives-matter-from-1960s-unrest/,2016-01-05T17:08:40+0000,U.S.,Politics
Republican Candidates Tread Carefully to Oregon Protest Standoff,"The Republican Party is one that espouses the virtues of limited government, but this year’s group of presidential candidates is treading carefully as a standoff between authorities and armed antigovernment protesters in Oregon drags on.",https://www.nytimes.com/politics/first-draft/2016/01/05/republican-candidates-tread-carefully-to-oregon-protest-standoff/,2016-01-05T16:49:26+0000,U.S.,Politics
Obama’s Action on Guns: What It Means for Background Checks,The president’s action clarifies existing rules on the sale of firearms and includes efforts to link mental health records with criminal background checks.,https://www.nytimes.com/2016/01/06/us/politics/guns-president-obama-executive-action-background-checks.html,2016-01-05T16:33:07+0000,U.S.,Politics
U.S. Sends Two Guantánamo Detainees to Ghana,The transfer of the two Yemenis represented the first time that lower-level detainees had been resettled in sub-Saharan Africa.,https://www.nytimes.com/2016/01/07/us/politics/us-sends-twoguantanamo-detainees-to-ghana.html,2016-01-06T23:49:39+0000,U.S.,Politics
"Ted Cruz’s Iowa Bus Tour: Loaded Pizza, and Loaded Guns","Mr. Cruz visited a Godfather’s Pizza in Spirit Lake and, when asked about gun rights, recounted a tale of a woman who had been pulled over while carrying a derringer in her boot.",https://www.nytimes.com/politics/first-draft/2016/01/06/ted-cruzs-iowa-bus-tour-loaded-pizza-and-loaded-guns/,2016-01-06T23:09:02+0000,U.S.,Politics
House Votes to Send Bill to Repeal Health Law to Obama’s Desk,"The House voted for the 62nd time to repeal the Affordable Care Act, in effect forcing a rare veto from the president to protect his signature domestic achievement.",https://www.nytimes.com/2016/01/07/us/politics/house-votes-to-send-bill-to-repeal-health-law-to-obamas-desk.html,2016-01-06T23:05:10+0000,U.S.,Politics
"Ted Cruz’s Iowa Bus Tour: Coffee, Cookies and a Song","In Sibley, Iowa, Ted Cruz lampooned the anodyne “issues” pages populating most candidates’ websites.",https://www.nytimes.com/politics/first-draft/2016/01/06/ted-cruzs-iowa-bus-tour-coffee-cookies-and-a-song/,2016-01-06T20:28:19+0000,U.S.,Politics
Paul Ryan Acts to Repeal Obamacare,House speaker Paul D. Ryan announced on Wednesday that a bill to repeal the Affordable Care Act had passed both houses of Congress. President Obama is all but guaranteed to veto it.,https://www.nytimes.com/video/us/politics/100000004128176/paul-ryan-announces-obamacare-repeal-act.html,2016-01-06T19:56:53+0000,U.S.,Politics
Ted Cruz’s Iowa Bus Tour: The ‘Crazy Nutcase’ With the Nuclear Bomb,"Ted Cruz, reacting to North Korea’s claim that it tested a hydrogen bomb, offered his appraisal of the country’s leader, Kim Jong-un, calling him a “crazy nutcase.”",https://www.nytimes.com/politics/first-draft/2016/01/06/ted-cruzs-iowa-bus-tour-the-crazy-nutcase-with-the-nuclear-bomb/,2016-01-06T18:59:34+0000,U.S.,Politics
Chris Christie Taking High Road in Ad Responding to Marco Rubio,"Much as he has done in the debates, Mr. Christie tries in his new ad to draw a contrast not with his Republican presidential rivals, but with Hillary Clinton.",https://www.nytimes.com/2016/01/07/us/politics/new-hampshire-republican-primary.html,2016-01-06T16:53:35+0000,U.S.,Politics
Donald Trump Keeps Pushing Ted Cruz Citizenship Issue,"Donald J. Trump continued to fan the flames of doubt over Senator Ted Cruz’s citizenship, suggesting that the Texas senator’s Canadian roots might be a problem if he won the Republican presidential nomination.",https://www.nytimes.com/politics/first-draft/2016/01/06/donald-trump-keeps-dwelling-on-ted-cruz-citizenship-issue/,2016-01-06T13:55:13+0000,U.S.,Politics
"A Day of Policy, Dropped Guards and Rancor","In a campaign that has been overshadowed and altered by Donald J. Trump, the debate has focused heavily on immigration and on a general disgust with Washington. But Tuesday was a rare day that was thick with policy substance and increased tensions...",https://www.nytimes.com/politics/first-draft/2016/01/06/a-day-of-policy-dropped-guards-and-rancor/,2016-01-06T12:00:59+0000,U.S.,Politics
Avoiding the Dreaded ‘Second-Term Curse’,Political observers say that President Obama appears to have avoided the pitfalls that often undermine a second presidential term.,https://www.nytimes.com/2016/01/06/us/politics/avoiding-the-dreaded-second-term-curse.html,2016-01-06T11:47:18+0000,U.S.,Politics
An Ice Cream Mogul and His Fellow Burlingtonians React to a Trump Rally,"In a liberal enclave fiercely loyal to Bernie Sanders, Burlington’s former mayor, residents were amazed and perplexed by Donald J. Trump’s planned rally on Thursday night.",https://www.nytimes.com/politics/first-draft/2016/01/07/an-ice-cream-mogul-and-his-fellow-burlingtonians-react-to-a-trump-rally/,2016-01-07T23:04:26+0000,U.S.,Politics
"Bill Clinton, Back in Iowa, Refuses to Respond to Donald Trump","Bill Clinton returned to the campaign trail in Iowa, where he shied away from questions about Donald J. Trump but embraced topics like renewable energy and confronting allergies.",https://www.nytimes.com/politics/first-draft/2016/01/07/bill-clinton-back-in-iowa-refuses-to-respond-to-donald-trump/,2016-01-07T22:49:18+0000,U.S.,Politics
Donald Trump Brings Gridlock to Vermont,"Donald J. Trump brought gridlock to Burlington, Vt., as the police braced for an overflow of thousands of political activists who were certain to be shut out from the candidate’s rally.",https://www.nytimes.com/politics/first-draft/2016/01/07/donald-trump-brings-gridlock-to-vermont/,2016-01-07T22:23:31+0000,U.S.,Politics
Ad Wars of 2016 Campaign Erupt in a Changing TV Arena,Candidates and the outside groups supporting them are betting that television ads will remain a crucial political battlefield when signs increasingly suggest otherwise.,https://www.nytimes.com/2016/01/08/us/politics/ad-wars-of-2016-campaign-erupt-in-a-changing-tv-arena.html,2016-01-07T22:13:10+0000,U.S.,Politics
Ted Cruz’s Iowa Bus Tour: Using ‘Star Wars’ to Knock the Democrats,Ted Cruz said that the new “Star Wars” movie was “much more realistic and down-to-earth than whatever the Democrats were talking about” at their last debate.,https://www.nytimes.com/politics/first-draft/2016/01/07/ted-cruzs-iowa-bus-tour-using-star-wars-to-knock-the-democrats/,2016-01-07T21:56:16+0000,U.S.,Politics
Crowd Gathers to Greet Donald Trump in Bernie Sanders Territory,"A crowd of Trump supporters, hecklers and curious observers braved freezing temperatures to get a glimpse of the Republican presidential candidate who dared to set foot upon the traditionally liberal turf of Bernie Sanders.",https://www.nytimes.com/politics/first-draft/2016/01/07/crowd-gathers-to-greet-donald-trump-in-bernie-sanders-territory/,2016-01-07T20:03:50+0000,U.S.,Politics
Ted Cruz’s Iowa Bus Tour: A Momentary Scare,"At a Pizza Ranch in Pocahontas, Iowa, Ted Cruz expressed gratitude about the size of his family, and checked on a woman who briefly fainted, reportedly at the sound of a Democrat’s name.",https://www.nytimes.com/politics/first-draft/2016/01/07/ted-cruzs-iowa-bus-tour-a-momentary-scare/,2016-01-07T19:54:37+0000,U.S.,Politics
"Planned Parenthood, in Its First Primary Endorsement, Backs Hillary Clinton",Planned Parenthood said that it would endorse Hillary Clinton — its first endorsement in a presidential primary in the nonprofit’s 100-year existence.,https://www.nytimes.com/politics/first-draft/2016/01/07/planned-parenthood-in-its-first-primary-endorsement-backs-hillary-clinton/,2016-01-07T19:42:24+0000,U.S.,Politics
Marco Rubio Reacts to Those Boots That Were Made for Talking,Senator Marco Rubio of Florida seemed both disgusted and amused by the worldwide attention that have bee given to his sleek high-heel boots.,https://www.nytimes.com/politics/first-draft/2016/01/07/marco-rubio-reacts-to-those-boots-that-were-made-for-talking/,2016-01-07T18:53:49+0000,U.S.,Politics
Marco Rubio Aims New TV Ad at Iowa’s Evangelical Voters,"Senator Marco Rubio of Florida, a Roman Catholic, addresses his faith in the ad as he tries to slow the momentum of Senator Ted Cruz in Iowa.",https://www.nytimes.com/2016/01/08/us/politics/marco-rubio-aims-new-tv-ad-at-iowas-evangelical-voters.html,2016-01-07T17:39:23+0000,U.S.,Politics
"Chelsea Clinton, Again Her Mother’s Surrogate, Takes Up the Fight Against Bernie Sanders","In returning to the presidential campaign trail for the first time since 2008, Chelsea Clinton focused on motherhood and attacked Senator Bernie Sanders over his health care and education proposals.",https://www.nytimes.com/politics/first-draft/2016/01/12/chelsea-clinton-again-her-mothers-surrogate-takes-up-the-fight-against-bernie-sanders/,2016-01-12T23:46:42+0000,U.S.,Politics
Hillary Clinton’s Lead Over Bernie Sanders Slipping in New Poll,"A New York Times/CBS News poll finds a sharp generational divide within the Democratic Party, with voters under 45 favoring Mr. Sanders.",https://www.nytimes.com/2016/01/13/us/politics/hillary-clintons-lead-over-bernie-sanders-slipping-in-new-poll.html,2016-01-12T23:31:36+0000,U.S.,Politics
How the Poll Was Conducted,"The latest New York Times/CBS News Poll is based on telephone interviews conducted Jan. 7 through 10 with 1,276 adults throughout the United States. Of those, 1,094 said they were registered to vote.",https://www.nytimes.com/2016/01/13/us/politics/how-the-poll-was-conducted.html,2016-01-12T23:31:31+0000,U.S.,Politics
A New York Times/CBS News Poll on the State of the Presidential Race,The latest New York Times/CBS News national poll finds a significant narrowing of the race for the Democratic nomination while Donald Trump maintains his sizable lead among Republican primary voters.,https://www.nytimes.com/interactive/2016/01/12/us/politics/document-poll-elections.html,2016-01-12T23:31:26+0000,U.S.,Politics
PAC Backing Jeb Bush Counters Campaign Message With Ad Critical of Marco Rubio,"While Jeb Bush is portraying himself as a serious candidate for serious times, the “super PAC” supporting him is running attack ads against Marco Rubio.",https://www.nytimes.com/politics/first-draft/2016/01/12/pac-backing-jeb-bush-counters-campaign-message-with-ad-critical-of-marco-rubio/,2016-01-12T22:27:24+0000,U.S.,Politics
Hillary Clinton Accuses Bernie Sanders of Not Standing Up to Gun Lobby,"Hillary Clinton, appearing with the president of the Brady Campaign to Prevent Gun Violence, attacked Bernie Sanders on his 2005 vote to shield gunmakers from lawsuits.",https://www.nytimes.com/politics/first-draft/2016/01/12/hillary-clinton-accuses-bernie-sanders-of-not-standing-up-to-gun-lobby/,2016-01-12T19:37:47+0000,U.S.,Politics
Chelsea Clinton Campaigns for Hillary,"Chelsea Clinton told an audience in Concord, N.H., that becoming a grandmother has made Hillary Clinton more determined.",https://www.nytimes.com/video/us/politics/100000004140034/chelsea-clinton-campaigns-for-hillary.html,2016-01-12T19:08:36+0000,U.S.,Politics
Hillary Clinton Gets Backing of Food Services Union,"The United Food and Commercial Workers Union will endorse Hillary Clinton, giving the Democratic candidate a welcome boost as polls in Iowa and New Hampshire show Senator Bernie Sanders gaining ground.",https://www.nytimes.com/politics/first-draft/2016/01/12/hillary-clinton-gets-backing-of-food-services-union/,2016-01-12T18:40:26+0000,U.S.,Politics
Ad Backing Jeb Bush Calls Marco Rubio Untrustworthy on Immigration,"Right to Rise, the “super PAC” supporting Jeb Bush, has released its third negative ad criticizing Senator Marco Rubio, this time attacking him over his record on immigration.",https://www.nytimes.com/2016/01/13/us/politics/ad-backing-jeb-bush-calls-marco-rubio-untrustworthy-on-immigration.html,2016-01-12T18:30:44+0000,U.S.,Politics
Supreme Court Strikes Down Part of Florida Death Penalty,A court majority ruled that juries were not given sufficient say over which inmates should be put to death.,https://www.nytimes.com/2016/01/13/us/politics/supreme-court-death-penalty-hurst-v-florida.html,2016-01-12T18:30:14+0000,U.S.,Politics
Republicans Lead Congress With Two Distinct Agendas,"Secure in his leadership, Speaker Paul D. Ryan has embraced an ambitious agenda, while his counterpart in the Senate, Mitch McConnell, keeps an eye on his tenuous majority.",https://www.nytimes.com/2016/01/14/us/politics/republicans-lead-congress-with-two-distinct-agendas.html,2016-01-13T23:47:15+0000,U.S.,Politics
Ted Cruz Didn’t Report Goldman Sachs Loan in a Senate Race,"As Mr. Cruz tells it, loyalty and sacrifice helped finance his 2012 Senate bid in Texas. Turns out, a Goldman Sachs loan did as well.",https://www.nytimes.com/2016/01/14/us/politics/ted-cruz-wall-street-loan-senate-bid-2012.html,2016-01-13T23:40:26+0000,U.S.,Politics
"Hillary Clinton and Bernie Sanders Intensify Fight over Health, Guns and Costs",Mr. Sanders hit back on Wednesday as Mrs. Clinton continued to assail his positions on health insurance and gun control.,https://www.nytimes.com/politics/first-draft/2016/01/13/hillary-clinton-and-bernie-sanders-intensify-fight-over-health-guns-and-costs/,2016-01-13T22:49:54+0000,U.S.,Politics
"Hillary Clinton Ad Seconds Obama on Guns, Rebuking Bernie Sanders","In the new 30-second clip, Mrs. Clinton cites her support for the president’s gun-control measures, a indirect reminder of what she has called Mr. Sanders’s reluctance to stand up to the gun industry.",https://www.nytimes.com/2016/01/14/us/politics/hillary-clinton-ad-seconds-obama-on-guns-rebuking-bernie-sanders.html,2016-01-13T22:27:41+0000,U.S.,Politics
Justices Hear Case Over Puerto Rico’s Sovereignty,"The Supreme Court is deciding whether the island is an independent sovereign or a territory, a huge matter of pride and politics.",https://www.nytimes.com/2016/01/14/us/politics/justices-hear-case-over-puerto-ricos-sovereignty.html,2016-01-13T22:08:20+0000,U.S.,Politics
"Steve King Faults Nikki Haley’s Conservatism, but Not Her Looks","While Representative Steve King said he doubted whether Gov. Nikki Haley was a “principled conservative,” he thought she was “beautiful” enough to be the face of the Republican Party.",https://www.nytimes.com/politics/first-draft/2016/01/13/steve-king-faults-nikki-haleys-conservatism-but-not-her-looks/,2016-01-13T21:38:13+0000,U.S.,Politics
‘Super PAC’ Backing Jeb Bush Uses Conspiracy-Minded Journalist in Ad,A journalist who has highlighted conspiracy theories about major news events is quoted in an ad by the “super PAC” supporting Jeb Bush.,https://www.nytimes.com/politics/first-draft/2016/01/13/super-pac-backing-jeb-bush-uses-conspiracy-minded-journalist-in-ad/,2016-01-13T21:06:02+0000,U.S.,Politics
Paul Ryan Cuts Off Iran Vote in Rebuff to Tardy Lawmakers,"After the House passed legislation bolstering sanctions against Iran, Republican leaders called for a do-over because more than 100 members had not voted.",https://www.nytimes.com/politics/first-draft/2016/01/13/paul-ryan-cuts-off-iran-vote-in-rebuff-to-tardy-lawmakers/,2016-01-13T20:34:38+0000,U.S.,Politics
Donald Trump’s Iowa Ground Game Seems to Be Missing a Coach,"Mr. Trump may well win the caucuses, but if he does, it will probably be in spite of his organizing team, which is still committing basic organizing errors.",https://www.nytimes.com/2016/01/14/us/politics/donald-trumps-iowa-ground-game-seems-to-be-missing-a-coach.html,2016-01-13T19:29:30+0000,U.S.,Politics
Chris Christie Welcomes Attacks as a Sign of His Strength,"“I love the fact that people are shooting at me,” Gov. Chris Christie, while campaigning in New Hampshire, said of political opponents’ attacks on him.",https://www.nytimes.com/politics/first-draft/2016/01/13/chris-christie-welcomes-attacks-as-a-sign-of-his-strength/,2016-01-13T18:55:20+0000,U.S.,Politics
Hillary Clinton’s Campaign Outraged by Bernie Sanders Ad on Wall Street,Hillary Clinton’s aides expressed outrage over a Bernie Sanders ad that they said violated Mr. Sanders’s pledge to never run a negative attack ad against a political opponent.,https://www.nytimes.com/politics/first-draft/2016/01/14/hillary-clintons-campaign-outraged-by-bernie-sanders-ad-on-wall-street/,2016-01-14T23:21:57+0000,U.S.,Politics
"That Jeb Bush Freight Train? A Wreck, Marco Rubio Allies Chortle","After Mr. Bush’s “super PAC,” Right to Rise, imagined Mr. Rubio as a weathervane and Mr. Bush as a freight train by comparison, the super PAC behind Mr. Rubio, fired back.",https://www.nytimes.com/2016/01/15/us/politics/that-jeb-bush-freight-train-a-wreck-marco-rubio-allies-chortle.html,2016-01-14T22:17:03+0000,U.S.,Politics
Donald Trump’s Popularity Hits New Heights in Latest National Poll,"Donald J. Trump’s popularity has climbed to its highest level to date less than a month before the first Republican votes will be cast, according to a new national NBC/Wall Street Journal poll.",https://www.nytimes.com/politics/first-draft/2016/01/14/donald-trumps-popularity-hits-new-heights-in-latest-national-poll/,2016-01-14T22:03:25+0000,U.S.,Politics
"New Bernie Sanders Ad, on Wall Street, Fires Back at Hillary Clinton",The new ad for Senator Bernie Sanders claims that Mrs. Clinton’s plan to regulate Wall Street is disingenuous.,https://www.nytimes.com/2016/01/15/us/politics/bernie-sanders-ad-fires-back-at-hillary-clinton-on-wall-street.html,2016-01-14T19:37:33+0000,U.S.,Politics
"Pulled in 2 Directions, Marco Rubio Toughens on Immigration, a Little","Faced with attacks from Ted Cruz and Donald Trump, Mr. Rubio has pushed stiffer policies, while still supporting a change in the law to offer a path to citizenship to illegal immigrants.",https://www.nytimes.com/2016/01/15/us/politics/marco-rubio-immigration.html,2016-01-14T18:24:12+0000,U.S.,Politics
Martin O’Malley Makes the Cut for Next Democratic Debate,"Though his low polling numbers raised the possibility he would be excluded from Sunday’s Democratic presidential debate, former Gov. Martin O’Malley of Maryland will be onstage, NBC News said.",https://www.nytimes.com/politics/first-draft/2016/01/14/martin-omalley-makes-the-cut-for-next-democratic-debate/,2016-01-14T18:14:31+0000,U.S.,Politics
Verbatim: Barack Obama on Michelle Obama’s Presidential Ambitions,"“Let me tell you, there are three things that are certain in life: death, taxes, and Michelle is not running for president.” — President Obama",https://www.nytimes.com/politics/first-draft/2016/01/14/verbatim-barack-obama-on-michelle-obamas-presidential-ambitions/,2016-01-14T17:28:54+0000,U.S.,Politics
Ben Carson’s Campaign Finance Chief Quits,The disarray within Ben Carson’s campaign continued as his campaign’s finance chairman resigned hours before Republican presidential candidates were set to gather in South Carolina for their next debate.,https://www.nytimes.com/politics/first-draft/2016/01/14/ben-carsons-campaign-finance-chief-quits/,2016-01-14T17:07:07+0000,U.S.,Politics
Donald Trump Disavows Actions by White Nationalist Promoting His Bid,Donald J. Trump took the rare step of “disavowing” the endorsement of a prominent white nationalist who supports Mr. Trump’s ban on Muslim immigration and who said the United States needs more white immigrants who can assimilate.,https://www.nytimes.com/politics/first-draft/2016/01/14/donald-trump-disavows-actions-by-white-nationalist-promoting-his-bid/,2016-01-14T16:44:37+0000,U.S.,Politics
How to Watch the Republican Debate,"Seven Republicans will be on the main stage in South Carolina for the party’s sixth nationally televised debate, starting 9 p.m. Thursday on Fox Business Network.",https://www.nytimes.com/2016/01/15/us/politics/how-to-watch-republican-debate.html,2016-01-14T16:09:17+0000,U.S.,Politics
Campaign Aides Defend Bernie Sanders’s Record on Gun Votes,"Bernie Sanders opposed keeping background-check records tied to gun purchases for 90 days, putting him at odds with Hillary Clinton.",https://www.nytimes.com/politics/first-draft/2016/01/15/campaign-aides-defend-bernie-sanderss-record-on-gun-votes/,2016-01-15T23:52:25+0000,U.S.,Politics
"Donald Trump Says He Is Self-Financing Bid, Despite the Evidence","Donald J. Trump insists he is financing his own campaign, but the evidence suggests otherwise.",https://www.nytimes.com/politics/first-draft/2016/01/15/donald-trump-says-he-is-self-financing-bid-despite-the-evidence/,2016-01-15T23:31:19+0000,U.S.,Politics
"Gingerly, Donald Trump Tries Out Some Campaign Conventions","As some polls have tightened and voting nears, Mr. Trump is starting to balance his unique, provocative style with running “the Iowa way” and “the New Hampshire way.”",https://www.nytimes.com/2016/01/16/us/politics/gingerly-donald-trump-tries-out-some-campaign-conventions.html,2016-01-15T23:20:24+0000,U.S.,Politics
"Republicans in Congress Will Write 2016 Campaign Platform, Ryan Says","They said they would focus on national security, the economy, health care, poverty and the Constitution after a meeting in Baltimore.",https://www.nytimes.com/2016/01/16/us/politics/gop-congressional-leaders-to-write-2016-campaign-platform.html,2016-01-15T22:53:36+0000,U.S.,Politics
"Marco Rubio Bought a Gun on Christmas Eve, Campaign Says","Marco Rubio bought a gun on Christmas Eve at a Florida store “packed” with customers, some of whom he said were worried that President Obama would further restrict their gun-buying rights",https://www.nytimes.com/politics/first-draft/2016/01/15/marco-rubio-bought-a-gun-on-christmas-eve-campaign-says/,2016-01-15T21:45:56+0000,U.S.,Politics
Ted Cruz Failed to Report a Second Campaign Loan in 2012,"A loan from Citibank, in addition to one from Goldman Sachs disclosed this week, should have been reported to the Federal Election Commission.",https://www.nytimes.com/2016/01/16/us/politics/ted-cruz-failed-to-report-a-second-campaign-loan-in-2012.html,2016-01-15T21:14:41+0000,U.S.,Politics
"Justices to Hear Appeal by Bob McDonnell, Ex-Governor of Virginia",The case before the Supreme Court will test what kinds of official conduct amount to forbidden corruption.,https://www.nytimes.com/2016/01/16/us/politics/bob-mcdonnell-supreme-court-appeal.html,2016-01-15T21:05:37+0000,U.S.,Politics
Trump Returns to Campaigning in Iowa,"At a campaign stop in Iowa, Donald J. Trump spoke about his performance in the debate Thursday night. He also discussed his relationship with evangelicals and the Tea Party.",https://www.nytimes.com/video/us/politics/100000004147537/trump-campaigns-in-iowa-after-debate.html,2016-01-15T20:59:06+0000,U.S.,Politics
‘Super Pac’ Backing Jeb Bush Looks to Crowdfund an Ad for the Super Bowl,"Right to Rise, the “super PAC” supporting Jeb Bush, is urging donors to contribute online to run an ad during the Super Bowl, two days before New Hampshire holds its primary on Feb. 9.",https://www.nytimes.com/politics/first-draft/2016/01/15/super-pac-backing-jeb-bush-looks-to-crowdfund-an-ad-for-the-super-bowl/,2016-01-15T20:14:09+0000,U.S.,Politics
How I Got Ejected From a Donald Trump Event,"As Donald J. Trump visited a Pizza Ranch restaurant here on Friday, a New York Times reporter was ejected by Trump staff members and a local police officer.",https://www.nytimes.com/politics/first-draft/2016/01/15/donald-trump/,2016-01-15T19:18:56+0000,U.S.,Politics
Prominent Jeb Bush Donor Questions ‘Super PAC’ Strategist Over Negative Marco Rubio Ads,"At a closed-door meeting Friday, a Jeb Bush donor questioned why the group Right to Rise was spending money attacking Senator Marco Rubio.",https://www.nytimes.com/politics/first-draft/2016/01/16/prominent-jeb-bush-donor-questions-how-bush-aligned-super-pac-spends-its-money/,2016-01-16T18:35:21+0000,U.S.,Politics
Ted Cruz Goes on Multipronged Attack Against Donald Trump,"Senator Ted Cruz seemed to have gotten over his reluctance to criticize Donald J. Trump, continuing to tie Mr. Trump to liberal “New York values,” criticizing his temperament and even disparaging his poll numbers.",https://www.nytimes.com/politics/first-draft/2016/01/16/ted-cruz-goes-on-multipronged-attack-against-donald-trump/,2016-01-16T18:31:04+0000,U.S.,Politics
Bernie Sanders’s Vision Makes Hillary Clinton Camp See Red,"Hillary Clinton’s campaign denounced an ad for Bernie Sanders in Iowa and New Hampshire, calling it a negative attack — a characterization Mr. Sanders’s team denied.",https://www.nytimes.com/2016/01/17/us/politics/from-bernie-sanders-the-negative-ad-that-wasnt-or-was-it.html,2016-01-16T17:56:32+0000,U.S.,Politics
"Clinton Campaign Underestimated Sanders Strengths, Allies Say","Advisers to Mrs. Clinton, including the former president Bill Clinton, believe that her campaign made serious miscalculations by failing to undercut Mr. Sanders’s message early in the race.",https://www.nytimes.com/2016/01/17/us/politics/hillary-clinton-regrets-not-attacking-bernie-sanders-earlier-her-allies-say.html,2016-01-16T17:27:02+0000,U.S.,Politics
"Ted Cruz ‘Apologizes’ to New Yorkers, Again and Again","In a stump speech and several other places, Senator Ted Cruz issued a faux apology to New Yorkers for saying Donald J. Trump has “New York values.”",https://www.nytimes.com/politics/first-draft/2016/01/15/ted-cruz-apologizes-to-new-yorkers-again-and-again/,2016-01-16T04:08:05+0000,U.S.,Politics
U.S. Pledges to Ease Pain of Closing Coal Mines in Shift to Cleaner Energy ,The administration unveiled a plan aimed at extracting more money from companies for mining on federal land and using that revenue to help coal communities train for new jobs.,https://www.nytimes.com/2016/01/16/us/politics/obama-coal-mining.html,2016-01-16T02:05:51+0000,U.S.,Politics
"Looking at Later Primaries, Bernie Sanders Works to Strengthen Black Support",The Vermont senator faces a daunting problem even if he wins Iowa and New Hampshire: winning over African-American voters in the more diverse states to follow.,https://www.nytimes.com/2016/01/16/us/politics/looking-at-later-primaries-bernie-sanders-works-to-strengthen-black-support.html,2016-01-16T01:38:29+0000,U.S.,Politics
"Dog Pants? Show a Little More Fur, Obama Says",President Obama gave interviews at the White House on Friday to three popular YouTube figures.,https://www.nytimes.com/politics/first-draft/2016/01/15/dog-pants-show-a-little-more-fur-obama-says/,2016-01-16T00:13:56+0000,U.S.,Politics
Verbatim: Donald Trump Says He Is No Longer Worried About Ted Cruz,"At a campaign rally in Las Vegas, Donald J. Trump said of Ted Cruz, “He had his moment and he blew it.”",https://www.nytimes.com/politics/first-draft/2016/01/21/verbatim-donald-trump-says-he-is-no-longer-worried-about-ted-cruz/,2016-01-21T23:52:16+0000,U.S.,Politics
Republicans Say Government Mismanaged Health Care Co-ops,"Twelve of the 23 health insurance cooperatives set up with $2.5 billion in federal funding have shut down, rather than spur competition as intended.",https://www.nytimes.com/2016/01/22/us/politics/republicans-say-government-mismanaged-health-care-co-ops.html,2016-01-21T23:32:12+0000,U.S.,Politics
Court Rejects a Bid to Block Coal Plant Regulations,"A lawsuit by at least 27 states to stop the rule, which could eventually shut down hundreds of coal-fired power plants, is to be heard on June 2.",https://www.nytimes.com/2016/01/22/us/politics/court-rejects-bid-to-delay-obama-rule-on-climate-change.html,2016-01-21T22:59:41+0000,U.S.,Politics
Ted Cruz Goes Local in Latest South Carolina Ad,The senator appeals to the state’s Army-minded voters in a new commercial that highlights his promise to be tough on terrorists by investing more in the military.,https://www.nytimes.com/2016/01/22/us/politics/ted-cruz-goes-local-in-latest-south-carolina-ad.html,2016-01-21T22:14:58+0000,U.S.,Politics
‘Midlands’,A new ad from the Cruz campaign running in South Carolina. ,https://www.nytimes.com/video/us/politics/100000004157300/midlands.html,2016-01-21T22:14:50+0000,U.S.,Politics
"Bernie Sanders and Donald Trump Open Up Strong Leads in Iowa, Poll Shows","Senator Bernie Sanders and Donald J. Trump have opened up solid leads in Iowa less than two weeks before the state’s caucuses kick off the 2016 presidential nominating contests, according to a new poll.",https://www.nytimes.com/politics/first-draft/2016/01/21/bernie-sanders-and-donald-trump-open-up-strong-leads-in-iowa-poll-shows/,2016-01-21T21:53:30+0000,U.S.,Politics
Clinton Defends Health Care Plan in Iowa,"During a rally at Simpson College in Indianola, Iowa, the Democratic presidential candidate Hillary Clinton touted her health care plan, saying Senator Bernie Sanders’s plan would end in ""gridlock.""",https://www.nytimes.com/video/us/politics/100000004159267/in-iowa-clinton-defends-healthcare-plan.html,2016-01-21T21:31:30+0000,U.S.,Politics
U.S. Tightens Visa Rules for Some European Visitors,"Travelers who hold dual citizenship from Iran, Iraq, Sudan or Syria, or have visited one of those countries in the last five years, may no longer participate in the visa-waiver program.",https://www.nytimes.com/2016/01/22/us/politics/us-tightens-visa-rules-for-some-european-visitors.html,2016-01-21T20:50:41+0000,U.S.,Politics
Hillary Clinton Knocks Bernie Sanders on Iran,"With Bernie Sanders’s domestic message of confronting income inequality giving him momentum here, Hillary Clinton sought to portray him as inexperienced on foreign policy and ill-equipped to address the firestorms erupting in the Middle East.",https://www.nytimes.com/politics/first-draft/2016/01/21/hillary-clinton-knocks-bernie-sanders-on-foreign-policy-experience/,2016-01-21T20:30:47+0000,U.S.,Politics
"Marco Rubio Steps Up Attacks On Ted Cruz, Calling Him a Flip-Flopper","Marco Rubio declared Thursday that his Senate colleague Ted Cruz “is not who he says he is,” challenging his sincerity and calling him a flip-flopper.",https://www.nytimes.com/politics/first-draft/2016/01/21/marco-rubio-steps-up-attacks-on-ted-cruz-calling-him-a-flip-flopper/,2016-01-21T19:42:06+0000,U.S.,Politics
Donald Trump Blasts Ted Cruz Using the Senator’s Own Words,"Mr. Trump, in a new negative commercial, assails Mr. Cruz over immigration using footage from Mr. Cruz’s past that shows him uncomfortable and off-script.",https://www.nytimes.com/2016/01/23/us/politics/donald-trump-blasts-ted-cruz-using-the-senators-own-words.html,2016-01-22T22:53:31+0000,U.S.,Politics
"With Calm and Experience, John Kasich Connects in New Hampshire","After appearing lost in a crowded Republican field, the Ohio governor has been enjoying a wave of attention in the first primary state as a serious and nonangry candidate.",https://www.nytimes.com/2016/01/23/us/politics/with-calm-and-experience-john-kasich-connects-in-new-hampshire.html,2016-01-22T22:44:30+0000,U.S.,Politics
Trump on National Review’s Criticism,"The Republican presidential candidate Donald J. Trump said the National Review was a ""dying paper"" and accused the magazine of trying to get publicity when it published an editorial criticizing him.",https://www.nytimes.com/video/us/politics/100000004161932/trump-on-national-reviews-criticism.html,2016-01-22T20:04:23+0000,U.S.,Politics
Chris Christie to Return to New Jersey to Prepare for Snowstorm,Gov. Chris Christie scrapped his plans to wait out the expected snowstorm in New Hampshire on Friday and instead headed back to his home state of New Jersey to oversee a potential worse weather emergency there.,https://www.nytimes.com/politics/first-draft/2016/01/22/chris-christie-to-return-to-new-jersey-to-prepare-for-snow-storm/,2016-01-22T19:52:28+0000,U.S.,Politics
"House Democrats Prepare for Retreat, and a Few Laughs","House Democrats will huddle next week in Baltimore at a three-day strategy session that will include speeches by President Obama, Vice President Joseph R. Biden Jr. and the comedian Trevor Noah.",https://www.nytimes.com/politics/first-draft/2016/01/22/house-democrats-prepare-for-retreat-and-a-few-laughs/,2016-01-22T19:13:06+0000,U.S.,Politics
Hillary Clinton Defends Speaking Fees Paid by Wall Street Firms,"Hillary Clinton told an Iowa newspaper that she has no regrets about the millions of dollars in fees she has made by giving speeches to banking and financial companies. “Anybody who thinks they can buy me doesn’t know me,” she said.",https://www.nytimes.com/politics/first-draft/2016/01/22/hillary-clinton-defends-speaking-fees-paid-by-wall-street-firms/,2016-01-22T18:13:07+0000,U.S.,Politics
Group Backing Jeb Bush Draws on ‘Jeopardy’ to Attack John Kasich,"Right to Rise, the “super PAC” supporting Mr. Bush, uses Mr. Kasich’s record as a governor and congressman from Ohio to paint him as out of step with New Hampshire values.",https://www.nytimes.com/2016/01/23/us/politics/group-backing-jeb-bush-draws-on-jeopardy-to-attack-john-kasich.html,2016-01-22T17:36:09+0000,U.S.,Politics
Trump Criticizes Bush Ad,"In response to Jeb Bush’s ad saying Donald J. Trump would lose the election to Hillary Clinton, Mr. Trump called his rival a “poor, pathetic, low-energy guy.”",https://www.nytimes.com/video/us/politics/100000004161447/trump-calls-bush-a-lost-soul.html,2016-01-22T17:24:57+0000,U.S.,Politics
"Donald Trump, Challenging Political Correctness, Strikes a Chord","Donald J. Trump has regained momentum in Iowa two weeks before the state’s caucuses, and many voters cite his bravado and willingness to assail political correctness, more than his policy proposals, as the main reasons.",https://www.nytimes.com/politics/first-draft/2016/01/22/donald-trump-challenging-political-correctness-strikes-a-chord/,2016-01-22T16:48:28+0000,U.S.,Politics
"Does Jeb Bush Want His Family’s Help? It’s Hard to Say, Even for Him","A glimpse into a political family’s dynamics, as Jeb Bush is asked on the campaign trail why he isn’t using his brother George W. and father, George — two former presidents — to bolster his own cause in the 2016 race.",https://www.nytimes.com/politics/first-draft/2016/01/22/does-jeb-bush-want-his-familys-help-its-hard-to-say-even-for-him/,2016-01-22T15:39:42+0000,U.S.,Politics
"In Support of Ted Cruz, Glenn Beck Slams Donald Trump","Appearing at a mostly full college gymnasium in Iowa, Mr. Beck delivered a forceful case for Mr. Cruz as the only viable option for conservatives.",https://www.nytimes.com/politics/first-draft/2016/01/23/in-support-of-ted-cruz-glenn-beck-slams-donald-trump/,2016-01-23T23:58:24+0000,U.S.,Politics
Des Moines Register Endorses Marco Rubio and Hillary Clinton,"The Register, the largest newspaper in Iowa, announced Saturday night that it had endorsed Senator Marco Rubio in the Republican race and Hillary Clinton in the Democratic race.",https://www.nytimes.com/politics/first-draft/2016/01/23/des-moines-register-endorses-marco-rubio-and-hillary-clinton/,2016-01-23T23:36:08+0000,U.S.,Politics
Donald Trump Would ‘Love’ to See Michael Bloomberg Run,"Donald Trump called Michael Bloomberg, a former mayor of New York, a friend and said he would “love the competition” in the presidential race.",https://www.nytimes.com/politics/first-draft/2016/01/23/donald-trump-would-love-to-see-michael-bloomberg-run/,2016-01-23T23:17:52+0000,U.S.,Politics
"‘Hillarycare’ Failed, but Hillary Clinton Reminds Voters She Tried","While criticizing Senator Bernie Sanders’ universal health care plan as impractical, Hillary Clinton is reminding voters she tried something similar during her husband’s first term.",https://www.nytimes.com/politics/first-draft/2016/01/23/hillarycare-failed-but-hillary-clinton-reminds-voters-she-tried/,2016-01-23T21:16:39+0000,U.S.,Politics
Negative Words for Negative Ads From Bush-Aligned ‘Super PAC’,"At a town-hall-style event in New Hampshire, a Jeb Bush supporter complained of being inundated with mailers attacking Mr. Bush’s opponents.",https://www.nytimes.com/politics/first-draft/2016/01/23/negative-words-for-negative-ads-from-bush-aligned-super-pac/,2016-01-23T20:36:32+0000,U.S.,Politics
No Split Between Simon and Garfunkel Over Bernie Sanders’s Use of Their Song,"In a CNN interview, Art Garfunkel said that the idea to use “America” in an ad came from the campaign, and that the duo, both liberal-leaning, “acquiesced” to the request.",https://www.nytimes.com/politics/first-draft/2016/01/23/no-split-between-simon-and-garfunkel-over-bernie-sanderss-use-of-their-song/,2016-01-23T19:55:39+0000,U.S.,Politics
One Republican Candidate Wouldn’t Mind Seeing Michael Bloomberg in the Race,"Gov. John R. Kasich of Ohio, who has been appealing to centrist voters in New Hampshire, called Mr. Bloomberg a “good mayor” and said, “If he wants to run, he probably will stimulate the debate.”",https://www.nytimes.com/politics/first-draft/2016/01/23/one-republican-candidate-wouldnt-mind-seeing-michael-bloomberg-in-the-race/,2016-01-23T19:24:03+0000,U.S.,Politics
Ted Cruz Condemns Donald Trump for His Use of Eminent Domain,"In a new ad, Senator Cruz attacks Mr. Trump over a decades-old battle to expand his casino in Atlantic City, portraying his wealth as a product of government overreach.",https://www.nytimes.com/2016/01/23/us/politics/ted-cruz-condemns-donald-trump-for-his-use-of-eminent-domain.html,2016-01-23T02:35:18+0000,U.S.,Politics
"Their Boss Stays on the Sideline, but Obama Aides Tilt to Clinton",The White House is working with Hillary Clinton’s campaign in ways large and small. Their two staffs consult on issues and the positions she takes on the president’s policy priorities.,https://www.nytimes.com/2016/01/23/us/their-boss-stays-on-the-sideline-but-obama-aides-tilt-to-clinton.html,2016-01-23T01:18:42+0000,U.S.,Politics
Storage of Records of Background Checks Shifted After Last Year’s Security Breach ,"A major component of the overhaul will be the creation of a new agency that will process federal background checks, called the National Background Investigations Bureau.",https://www.nytimes.com/2016/01/23/us/politics/storage-of-records-of-background-checks-shifted-after-last-years-security-breach.html,2016-01-23T00:49:51+0000,U.S.,Politics
Pentagon Wants Psychologists to End Ban on Interrogation Role,The American Psychological Association has been asked to revisit its “blanket prohibition” on the involvement of psychologists in national security interrogations.,https://www.nytimes.com/2016/01/25/us/politics/pentagon-wants-psychologists-to-end-ban-on-interrogation-role.html,2016-01-24T23:21:43+0000,U.S.,Politics
Donald Trump Hears a Lesson in Humility at Church,Mr. Trump attended a church service in Iowa on Sunday and later told people at a rally that “we talked about humility in church today.”,https://www.nytimes.com/politics/first-draft/2016/01/24/donald-trump-hears-a-lesson-in-humility-at-church/,2016-01-24T21:47:31+0000,U.S.,Politics
Chris Christie Warns New Hampshire Against Voting for Donald Trump,"Mr. Christie warned voters against using their vote as an “expression of anger” against Washington, saying that voting for Donald J. Trump could lead to Hillary Clinton winning the presidency.",https://www.nytimes.com/politics/first-draft/2016/01/24/chris-christie-warns-new-hampshire-against-voting-for-trump/,2016-01-24T19:39:17+0000,U.S.,Politics
Republicans Risk Repeating Mistake on Hispanic Vote,Demographic trends and the outcome of the 2012 presidential election don’t bode well for a Republican approach highlighting hostility to immigration.,https://www.nytimes.com/2016/01/25/us/politics/republicans-risk-repeating-mistake-on-hispanic-vote.html,2016-01-24T17:45:55+0000,U.S.,Politics
Chris Christie Attacks Marco Rubio Over Blizzard Remark,"Gov. Chris Christie of New Jersey angrily scolded Senator Marco Rubio Sunday for his sarcastic remark about the blizzard that crippled much of the Northeast this weekend, calling it a sign of his “immaturity” and inexperience.",https://www.nytimes.com/politics/first-draft/2016/01/24/chris-christie-attacks-marco-rubio-over-blizzard-remark/,2016-01-24T17:29:00+0000,U.S.,Politics
Hillary Clinton Says Senator Charles Grassley Wants ‘to Defeat Me’,"Hillary Clinton on Sunday accused Iowa’s senior Republican senator, Charles E. Grassley, of trying to undermine her presidential candidacy by leaking negative information about her tenure as secretary of state.",https://www.nytimes.com/politics/first-draft/2016/01/24/hillary-clinton-says-senator-charles-grassley-wants-to-defeat-me/,2016-01-24T17:15:36+0000,U.S.,Politics
Candidates React to Bloomberg With Dismissals and Differences,"The presidential candidates greeted word of Michael R. Bloomberg’s possible presidential run with attacks on his record, and in some cases, praise for the former mayor.",https://www.nytimes.com/politics/first-draft/2016/01/24/possible-run-by-michael-bloomberg-gets-candidates-talking/,2016-01-24T17:09:56+0000,U.S.,Politics
"In Return to Iowa, Bernie Sanders Picks Up Where He Left Off on Wall Street and Clinton","Mr. Sanders told supporters that he does better than Hillary Clinton in national polls versus Donald J. Trump, and that it was making Wall Street nervous.",https://www.nytimes.com/politics/first-draft/2016/01/23/in-return-to-iowa-bernie-sanders-picks-up-where-he-left-off-on-wall-street-and-clinton/,2016-01-24T02:37:07+0000,U.S.,Politics
A Day of Endorsements for Presidential Candidates in Iowa,The Des Moines Register backed Senator Marco Rubio of Florida for the Republicans; and Hillary Clinton for the Democrats. And Senator Charles E. Grassley shared a stage with Donald J. Trump.,https://www.nytimes.com/2016/01/24/us/politics/a-day-of-endorsements-for-presidential-candidates-in-iowa.html,2016-01-24T01:50:34+0000,U.S.,Politics
Bernie Sanders Courts Elusive Voters: Young Iowans,"Mr. Sanders has struck a chord with young people, but his campaign acknowledges that beating Hillary Clinton in Iowa will require overcoming their history of dismal attendance.",https://www.nytimes.com/2016/01/24/us/politics/bernie-sanders-courts-elusive-voters-young-iowans.html,2016-01-24T01:41:50+0000,U.S.,Politics
"Bernie Sanders and Donald Trump Far Ahead in New Hampshire, Poll Finds",A poll released Monday showed Mr. Sanders and Mr. Trump with commanding leads two weeks before the New Hampshire primary.,https://www.nytimes.com/politics/first-draft/2016/01/25/bernie-sanders-and-donald-trump-far-ahead-in-new-hampshire-poll-finds/,2016-01-25T23:58:38+0000,U.S.,Politics
"Bernie Sanders, Backed by Image of a Bright Horizon, Lays Out His Vision","In highly idealistic terms, Mr. Sanders details his goals and appeals to Iowans a week before their presidential caucuses.",https://www.nytimes.com/2016/01/26/us/politics/bernie-sanders-backed-by-image-of-a-bright-horizon-lays-out-his-vision.html,2016-01-25T23:46:48+0000,U.S.,Politics
Seeking to End Gerrymandering’s Enduring Legacy,"Advocates in several states are trying to change the strict political control of the congressional map-drawing process, which has a long history.",https://www.nytimes.com/2016/01/26/us/politics/seeking-to-end-gerrymanderings-enduring-legacy.html,2016-01-25T23:37:44+0000,U.S.,Politics
"Hillary Clinton, Battling in Iowa, Turns Warm Under Pressure","In trying to win the Iowa caucuses in a race that has become much tougher than she expected, Mrs. Clinton has tried to be more open and personable with Iowans.",https://www.nytimes.com/2016/01/26/us/politics/hillary-clinton-battling-in-iowa-turns-warm-under-pressure.html,2016-01-25T23:16:18+0000,U.S.,Politics
Hillary Clinton Gets Personal on Christ and Her Faith,"At an event in Iowa, Mrs. Clinton elaborated on her views on Christianity and the Bible, a subject she rarely talks about when campaigning.",https://www.nytimes.com/politics/first-draft/2016/01/25/hillary-clinton-gets-personal-on-christ-and-her-faith/,2016-01-25T23:08:31+0000,U.S.,Politics
"As Iowa Caucuses Near, Jeb Bush Goes to Nevada","Six days before the Iowa caucuses, Mr. Bush plans to campaign in Elko, Nev., to show Nevadans that his campaign is taking their state seriously.",https://www.nytimes.com/politics/first-draft/2016/01/25/as-iowa-caucuses-near-jeb-bush-goes-to-nevada/,2016-01-25T22:54:51+0000,U.S.,Politics
Bernie Sanders Mailing in Iowa Defends His Record on Guns,"The Sanders campaign has mailed Iowa voters literature that outlines his record on gun control, suggesting how much he is on the defensive on the issue with the caucuses only a week away.",https://www.nytimes.com/politics/first-draft/2016/01/25/bernie-sanders-mailing-in-iowa-defends-his-record-on-guns/,2016-01-25T22:41:06+0000,U.S.,Politics
Bill de Blasio Not Keen on a Bloomberg Presidential Run,"The New York mayor said he did not believe Americans would turn to billionaires like his predecessor, Michael R. Bloomberg, or Donald J, Trump “to solve problems created by billionaires.”",https://www.nytimes.com/politics/first-draft/2016/01/25/bill-de-blasio-not-keen-on-a-bloomberg-presidential-run/,2016-01-25T22:24:39+0000,U.S.,Politics
"Joni Ernst, Standing Next to Marco Rubio, Is Not Endorsing Anyone","Ms. Ernst, Iowa’s freshman Republican senator, has promised not endorse anyone in the presidential race, but that didn’t stop her from appearing with Mr. Rubio, her “good friend.”",https://www.nytimes.com/politics/first-draft/2016/01/25/joni-ernst-standing-next-to-marco-rubio-is-not-endorsing-anyone/,2016-01-25T22:13:04+0000,U.S.,Politics
Ted Cruz on Feud With Donald Trump: He Started It,Mr. Cruz said his sudden antagonism toward Mr. Trump was in response to the real estate developer insulting him every day.,https://www.nytimes.com/politics/first-draft/2016/01/25/ted-cruz-on-feud-with-donald-trump-he-started-it/,2016-01-25T21:48:15+0000,U.S.,Politics
John Kasich Relishes Attacks From Jeb Bush Backers in Iowa,"Mr. Kasich seemed surprised, if not delighted, at attacks from Right to Rise, the ‘super PAC’ supporting Jeb Bush, saying it was “fantastic” to be viewed as an encroaching rival in Iowa, where neither candidate is faring well in polls.",https://www.nytimes.com/politics/first-draft/2016/01/31/john-kasich-relishes-attacks-from-jeb-bush-backers-in-iowa/,2016-01-31T23:03:50+0000,U.S.,Politics
Trump or Cruz? Clinton or Sanders? Iowa Hears Last-Minute Pitches,"With the caucuses fast approaching, the campaigns are activating the final stage of their ground games in hopes of a strong showing.",https://www.nytimes.com/2016/02/01/us/politics/iowa-caucuses-campaign.html,2016-01-31T22:42:22+0000,U.S.,Politics
The Rise and Fall of the Bush Campaign,"Only a year ago, he was a favorite to clinch the Republican nomination. But as Iowa voters prepare for their caucuses, he barely registers in the polls.",https://www.nytimes.com/2016/02/01/us/politics/the-rise-and-fall-of-the-bush-campaign.html,2016-01-31T21:50:25+0000,U.S.,Politics
More Democratic Debates in the Works,"A debate on Thursday, ahead of the New Hampshire primary on Feb. 9, is expected to be sanctioned and sponsored by MSNBC, and the campaigns have been in talks about holding additional debates in March, April and May.",https://www.nytimes.com/politics/first-draft/2016/01/31/more-democratic-debates-in-the-works/,2016-01-31T20:58:45+0000,U.S.,Politics
Donald Trump Field Organizer Accuses Campaign of Sex Discrimination,"Elizabeth Mae Davidson, 26, the Trump campaign’s former field organizer in Davenport, Iowa, said that men in the same job were paid more than women.",https://www.nytimes.com/2016/02/01/us/politics/trump-field-organizer-accuses-campaign-of-sex-discrimination.html,2016-01-31T18:53:10+0000,U.S.,Politics
Email Issue Dogs Hillary Clinton on Eve of Iowa Caucuses,"On the eve of the Iowa caucuses, Hillary Clinton found herself defending her use of a private email server while serving as secretary of state.",https://www.nytimes.com/politics/first-draft/2016/01/31/email-issue-dogs-hillary-clinton-on-eve-of-iowa-caucuses/,2016-01-31T18:50:17+0000,U.S.,Politics
Hillary Clinton Campaign Declined Bill de Blasio’s First Offer to Help in Iowa,"Hillary Clinton’s team declined Mayor Bill de Blasio’s initial offer to campaign in Iowa for her candidacy, the New York City mayor said.",https://www.nytimes.com/politics/first-draft/2016/01/31/hillary-clinton-campaign-rebuffed-bill-de-blasios-first-offer-to-help-in-iowa/,2016-01-31T17:46:28+0000,U.S.,Politics
Bernie Sanders’s Campaign Says It Raised $20 Million in January,"Bernie Sanders’s campaign will announce that it has raised $20 million in the last month, an enormous haul that backs up the campaign’s assertion that it will have enough money for a long, hard fought nominating fight against Hillary Clinton.",https://www.nytimes.com/politics/first-draft/2016/01/31/bernie-sanderss-campaign-says-it-raised-20-million-in-last-month/,2016-01-31T17:41:33+0000,U.S.,Politics
Bernie Sanders Says Tax Plan Would Not Hurt Democrats’ 2016 Prospects,Bernie Sanders said on “Meet the Press” that his plan to raise taxes to increase government benefits would not undercut the Democratic Party’s efforts to retake the House in 2016.,https://www.nytimes.com/politics/first-draft/2016/01/31/bernie-sanders-says-tax-plan-would-not-hurt-democrats-2016-prospects/,2016-01-31T17:11:14+0000,U.S.,Politics
"Our Man in Iowa: Polls Point to Donald Trump, as Do Odd Indicators",We sent our reporter Trip Gabriel to live in Iowa. Here’s what he’s watching for as the caucuses near.,https://www.nytimes.com/2016/02/01/us/politics/iowa-caucuses-donald-trump.html,2016-01-31T13:39:23+0000,U.S.,Politics
